{"1980-01":0.0662,"1980-02":0.0462,"1980-03":0.0604,"1980-04":0.0529,"1980-05":0.057,"1980-06":0.053099999999999994,"1980-07":0.0555,"1980-08":0.0495,"1980-09":0.042300000000000004,"1980-10":0.09480000000000001,"1980-11":0.0667,"1980-12":0.0661,"1981-01":0.0684,"1981-02":0.064,"1981-03":0.049699999999999994,"1981-04":0.0646,"1981-05":0.0556,"1981-06":0.0552,"1981-07":0.0626,"1981-08":0.055,"1981-09":0.0526,"1981-10":0.0508,"1981-11":0.0527,"1981-12":0.0593,"1982-01":0.0697,"1982-02":0.0664,"1982-03":0.0571,"1982-04":0.058899999999999994,"1982-05":0.0666,"1982-06":0.071,"1982-07":0.0636,"1982-08":0.059699999999999996,"1982-09":0.0508,"1982-10":0.0444,"1982-11":0.0529,"1982-12":0.0781,"1983-01":0.0864,"1983-02":0.0786,"1983-03":0.07339999999999999,"1983-04":0.0658,"1983-05":0.06480000000000001,"1983-06":0.09880000000000001,"1983-07":0.1008,"1983-08":0.0911,"1983-09":0.10300000000000001,"1983-10":0.08869999999999999,"1983-11":0.0738,"1983-12":0.0868,"1984-01":0.0967,"1984-02":0.095,"1984-03":0.0894,"1984-04":0.09539999999999998,"1984-05":0.09050000000000001,"1984-06":0.1008,"1984-07":0.09720000000000001,"1984-08":0.0935,"1984-09":0.1175,"1984-10":0.10439999999999999,"1984-11":0.10529999999999999,"1984-12":0.1198,"1985-01":0.1176,"1985-02":0.10869999999999999,"1985-03":0.1016,"1985-04":0.08199999999999999,"1985-05":0.07200000000000001,"1985-06":0.0849,"1985-07":0.10310000000000001,"1985-08":0.12050000000000001,"1985-09":0.1112,"1985-10":0.10619999999999999,"1985-11":0.13970000000000002,"1985-12":0.1507,"1986-01":0.1437,"1986-02":0.1272,"1986-03":0.04769999999999999,"1986-04":0.0078000000000000005,"1986-05":0.013999999999999999,"1986-06":0.0127,"1986-07":0.0171,"1986-08":0.0355,"1986-09":0.0172,"1986-10":0.019,"1986-11":0.0545,"1986-12":0.1165,"1987-01":0.1321,"1987-02":0.1264,"1987-03":0.1637,"1987-04":0.191,"1987-05":0.2145,"1987-06":0.1971,"1987-07":0.09210000000000002,"1987-08":0.0487,"1987-09":0.07780000000000001,"1987-10":0.11220000000000001,"1987-11":0.1508,"1987-12":0.14150000000000001,"1988-01":0.1889,"1988-02":0.157,"1988-03":0.17600000000000002,"1988-04":0.1929,"1988-05":0.17420000000000002,"1988-06":0.22,"1988-07":0.2191,"1988-08":0.2159,"1988-09":0.27449999999999997,"1988-10":0.2562,"1988-11":0.27940000000000004,"1988-12":0.287,"1989-01":0.3749,"1989-02":0.1678,"1989-03":0.0682,"1989-04":0.0833,"1989-05":0.17920000000000003,"1989-06":0.2865,"1989-07":0.2774,"1989-08":0.3371,"1989-09":0.37560000000000004,"1989-10":0.39770000000000005,"1989-11":0.4782,"1989-12":0.515,"1990-01":0.6755,"1990-02":0.7573000000000001,"1990-03":0.8239,"1990-04":0.1552,"1990-05":0.0759,"1990-06":0.1175,"1990-07":0.1292,"1990-08":0.1288,"1990-09":0.1441,"1990-10":0.1436,"1990-11":0.1681,"1990-12":0.1844,"1991-01":0.2075,"1991-02":0.2072,"1991-03":0.1192,"1991-04":0.0499,"1991-05":0.07429999999999999,"1991-06":0.1119,"1991-07":0.1241,"1991-08":0.1563,"1991-09":0.1563,"1991-10":0.2023,"1991-11":0.2521,"1991-12":0.2371,"1992-01":0.2594,"1992-02":0.2432,"1992-03":0.214,"1992-04":0.1993,"1992-05":0.2486,"1992-06":0.2021,"1992-07":0.2183,"1992-08":0.2214,"1992-09":0.2463,"1992-10":0.25239999999999996,"1992-11":0.2249,"1992-12":0.25239999999999996,"1993-01":0.3035,"1993-02":0.2498,"1993-03":0.2726,"1993-04":0.2775,"1993-05":0.27690000000000003,"1993-06":0.3007,"1993-07":0.3072,"1993-08":0.3296,"1993-09":0.3569,"1993-10":0.3392,"1993-11":0.3556,"1993-12":0.36840000000000006,"1994-01":0.4131,"1994-02":0.40270000000000006,"1994-03":0.4275,"1994-04":0.4268,"1994-05":0.4403,"1994-06":0.4743,"1994-07":0.0684,"1994-08":0.018600000000000002,"1994-09":0.015300000000000001,"1994-10":0.0262,"1994-11":0.0281,"1994-12":0.0171,"1995-01":0.017,"1995-02":0.0102,"1995-03":0.0155,"1995-04":0.024300000000000002,"1995-05":0.026699999999999998,"1995-06":0.0226,"1995-07":0.0236,"1995-08":0.009899999999999999,"1995-09":0.009899999999999999,"1995-10":0.0141,"1995-11":0.0147,"1995-12":0.015600000000000001,"1996-01":0.0134,"1996-02":0.0103,"1996-03":0.0034999999999999996,"1996-04":0.0126,"1996-05":0.012199999999999999,"1996-06":0.011899999999999999,"1996-07":0.0111,"1996-08":0.0044,"1996-09":0.0015,"1996-10":0.003,"1996-11":0.0032,"1996-12":0.004699999999999999,"1997-01":0.0118,"1997-02":0.005,"1997-03":0.0051,"1997-04":0.0088,"1997-05":0.0040999999999999995,"1997-06":0.0054,"1997-07":0.0022,"1997-08":-0.0002,"1997-09":0.0006,"1997-10":0.0023,"1997-11":0.0017000000000000001,"1997-12":0.0043,"1998-01":0.0070999999999999995,"1998-02":0.0046,"1998-03":0.0034000000000000002,"1998-04":0.0024,"1998-05":0.005,"1998-06":0.0002,"1998-07":-0.0012,"1998-08":-0.0051,"1998-09":-0.0022,"1998-10":0.0002,"1998-11":-0.0012,"1998-12":0.0033,"1999-01":0.006999999999999999,"1999-02":0.0105,"1999-03":0.011000000000000001,"1999-04":0.005600000000000001,"1999-05":0.003,"1999-06":0.0019,"1999-07":0.0109,"1999-08":0.005600000000000001,"1999-09":0.0031,"1999-10":0.011899999999999999,"1999-11":0.0095,"1999-12":0.006,"2000-01":0.0062,"2000-02":0.0013,"2000-03":0.0022,"2000-04":0.0042,"2000-05":0.0001,"2000-06":0.0023,"2000-07":0.0161,"2000-08":0.0131,"2000-09":0.0023,"2000-10":0.0014000000000000002,"2000-11":0.0032,"2000-12":0.0059,"2001-01":0.005699999999999999,"2001-02":0.0046,"2001-03":0.0038,"2001-04":0.0058,"2001-05":0.0040999999999999995,"2001-06":0.0052,"2001-07":0.013300000000000001,"2001-08":0.006999999999999999,"2001-09":0.0028000000000000004,"2001-10":0.0083,"2001-11":0.0070999999999999995,"2001-12":0.006500000000000001,"2002-01":0.0052,"2002-02":0.0036,"2002-03":0.006,"2002-04":0.008,"2002-05":0.0021,"2002-06":0.0042,"2002-07":0.011899999999999999,"2002-08":0.006500000000000001,"2002-09":0.0072,"2002-10":0.0131,"2002-11":0.0302,"2002-12":0.021,"2003-01":0.0225,"2003-02":0.015700000000000002,"2003-03":0.0123,"2003-04":0.0097,"2003-05":0.0060999999999999995,"2003-06":-0.0015,"2003-07":0.002,"2003-08":0.0034000000000000002,"2003-09":0.0078000000000000005,"2003-10":0.0029,"2003-11":0.0034000000000000002,"2003-12":0.0052,"2004-01":0.0076,"2004-02":0.0060999999999999995,"2004-03":0.004699999999999999,"2004-04":0.0037,"2004-05":0.0051,"2004-06":0.0070999999999999995,"2004-07":0.0091,"2004-08":0.0069,"2004-09":0.0033,"2004-10":0.0044,"2004-11":0.0069,"2004-12":0.0086,"2005-01":0.0058,"2005-02":0.0059,"2005-03":0.0060999999999999995,"2005-04":0.0087,"2005-05":0.0049,"2005-06":-0.0002,"2005-07":0.0025,"2005-08":0.0017000000000000001,"2005-09":0.0034999999999999996,"2005-10":0.0075,"2005-11":0.0055000000000000005,"2005-12":0.0036,"2006-01":0.0059,"2006-02":0.0040999999999999995,"2006-03":0.0043,"2006-04":0.0021,"2006-05":0.001,"2006-06":-0.0021,"2006-07":0.0019,"2006-08":0.0005,"2006-09":0.0021,"2006-10":0.0033,"2006-11":0.0031,"2006-12":0.0048,"2007-01":0.0044,"2007-02":0.0044,"2007-03":0.0037,"2007-04":0.0025,"2007-05":0.0028000000000000004,"2007-06":0.0028000000000000004,"2007-07":0.0024,"2007-08":0.004699999999999999,"2007-09":0.0018,"2007-10":0.003,"2007-11":0.0038,"2007-12":0.0074,"2008-01":0.0054,"2008-02":0.0049,"2008-03":0.0048,"2008-04":0.0055000000000000005,"2008-05":0.0079,"2008-06":0.0074,"2008-07":0.0053,"2008-08":0.0028000000000000004,"2008-09":0.0026,"2008-10":0.0045000000000000005,"2008-11":0.0036,"2008-12":0.0028000000000000004,"2009-01":0.0048,"2009-02":0.0055000000000000005,"2009-03":0.002,"2009-04":0.0048,"2009-05":0.004699999999999999,"2009-06":0.0036,"2009-07":0.0024,"2009-08":0.0015,"2009-09":0.0024,"2009-10":0.0028000000000000004,"2009-11":0.0040999999999999995,"2009-12":0.0037,"2010-01":0.0075,"2010-02":0.0078000000000000005,"2010-03":0.0052,"2010-04":0.005699999999999999,"2010-05":0.0043,"2010-06":0,"2010-07":0.0001,"2010-08":0.0004,"2010-09":0.0045000000000000005,"2010-10":0.0075,"2010-11":0.0083,"2010-12":0.0063,"2011-01":0.0083,"2011-02":0.008,"2011-03":0.0079,"2011-04":0.0077,"2011-05":0.004699999999999999,"2011-06":0.0015,"2011-07":0.0016,"2011-08":0.0037,"2011-09":0.0053,"2011-10":0.0043,"2011-11":0.0052,"2011-12":0.005,"2012-01":0.005600000000000001,"2012-02":0.0045000000000000005,