{"IGP-M":{"2000-01":0.0124,"2000-02":0.0034999999999999996,"2000-03":0.0015,"2000-04":0.0023,"2000-05":0.0031,"2000-06":0.0085,"2000-07":0.015700000000000002,"2000-08":0.0239,"2000-09":0.0116,"2000-10":0.0038,"2000-11":0.0029,"2000-12":0.0063,"2001-01":0.0062,"2001-02":0.0023,"2001-03":0.005600000000000001,"2001-04":0.01,"2001-05":0.0086,"2001-06":0.0098,"2001-07":0.0148,"2001-08":0.0138,"2001-09":0.0031,"2001-10":0.0118,"2001-11":0.011000000000000001,"2001-12":0.0022,"2002-01":0.0036,"2002-02":0.0006,"2002-03":0.0009,"2002-04":0.005600000000000001,"2002-05":0.0083,"2002-06":0.0154,"2002-07":0.0195,"2002-08":0.0232,"2002-09":0.024,"2002-10":0.0387,"2002-11":0.0519,"2002-12":0.0375,"2003-01":0.0233,"2003-02":0.022799999999999997,"2003-03":0.015300000000000001,"2003-04":0.0092,"2003-05":-0.0026,"2003-06":-0.01,"2003-07":-0.0042,"2003-08":0.0038,"2003-09":0.0118,"2003-10":0.0038,"2003-11":0.0049,"2003-12":0.0060999999999999995,"2004-01":0.0088,"2004-02":0.0069,"2004-03":0.0113,"2004-04":0.0121,"2004-05":0.0131,"2004-06":0.0138,"2004-07":0.0131,"2004-08":0.012199999999999999,"2004-09":0.0069,"2004-10":0.0039000000000000003,"2004-11":0.008199999999999999,"2004-12":0.0074,"2005-01":0.0039000000000000003,"2005-02":0.003,"2005-03":0.0085,"2005-04":0.0086,"2005-05":-0.0022,"2005-06":-0.0044,"2005-07":-0.0034000000000000002,"2005-08":-0.006500000000000001,"2005-09":-0.0053,"2005-10":0.006,"2005-11":0.004,"2005-12":-0.0001,"2006-01":0.0092,"2006-02":0.0001,"2006-03":-0.0023,"2006-04":-0.0042,"2006-05":0.0038,"2006-06":0.0075,"2006-07":0.0018,"2006-08":0.0037,"2006-09":0.0029,"2006-10":0.004699999999999999,"2006-11":0.0075,"2006-12":0.0032,"2007-01":0.005,"2007-02":0.0027,"2007-03":0.0034000000000000002,"2007-04":0.0004,"2007-05":0.0004,"2007-06":0.0026,"2007-07":0.0028000000000000004,"2007-08":0.0098,"2007-09":0.0129,"2007-10":0.0105,"2007-11":0.0069,"2007-12":0.0176,"2008-01":0.0109,"2008-02":0.0053,"2008-03":0.0074,"2008-04":0.0069,"2008-05":0.0161,"2008-06":0.019799999999999998,"2008-07":0.0176,"2008-08":-0.0032,"2008-09":0.0011,"2008-10":0.0098,"2008-11":0.0038,"2008-12":-0.0013,"2009-01":-0.0044,"2009-02":0.0026,"2009-03":-0.0074,"2009-04":-0.0015,"2009-05":-0.0007000000000000001,"2009-06":-0.001,"2009-07":-0.0043,"2009-08":-0.0036,"2009-09":0.0042,"2009-10":0.0005,"2009-11":0.001,"2009-12":-0.0026,"2010-01":0.0063,"2010-02":0.0118,"2010-03":0.009399999999999999,"2010-04":0.0077,"2010-05":0.011899999999999999,"2010-06":0.0085,"2010-07":0.0015,"2010-08":0.0077,"2010-09":0.0115,"2010-10":0.0101,"2010-11":0.014499999999999999,"2010-12":0.0069,"2011-01":0.0079,"2011-02":0.01,"2011-03":0.0062,"2011-04":0.0045000000000000005,"2011-05":0.0043,"2011-06":-0.0018,"2011-07":-0.0012,"2011-08":0.0044,"2011-09":0.006500000000000001,"2011-10":0.0053,"2011-11":0.005,"2011-12":-0.0012,"2012-01":0.0025,"2012-02":-0.0006,"2012-03":0.0043,"2012-04":0.0085,"2012-05":0.0102,"2012-06":0.0066,"2012-07":0.0134,"2012-08":0.0143,"2012-09":0.0097,"2012-10":0.0002,"2012-11":-0.0003,"2012-12":0.0068000000000000005,"2013-01":0.0034000000000000002,"2013-02":0.0029,"2013-03":0.0021,"2013-04":0.0015,"2013-05":0,"2013-06":0.0075,"2013-07":0.0026,"2013-08":0.0015,"2013-09":0.015,"2013-10":0.0086,"2013-11":0.0029,"2013-12":0.006,"2014-01":0.0048,"2014-02":0.0038,"2014-03":0.0167,"2014-04":0.0078000000000000005,"2014-05":-0.0013,"2014-06":-0.0074,"2014-07":-0.0060999999999999995,"2014-08":-0.0027,"2014-09":0.002,"2014-10":0.0028000000000000004,"2014-11":0.0098,"2014-12":0.0062,"2015-01":0.0076,"2015-02":0.0027,"2015-03":0.0098,"2015-04":0.011699999999999999,"2015-05":0.0040999999999999995,"2015-06":0.0067,"2015-07":0.0069,"2015-08":0.0028000000000000004,"2015-09":0.0095,"2015-10":0.0189,"2015-11":0.0152,"2015-12":0.0049,"2016-01":0.011399999999999999,"2016-02":0.0129,"2016-03":0.0051,"2016-04":0.0033,"2016-05":0.008199999999999999,"2016-06":0.0169,"2016-07":0.0018,"2016-08":0.0015,"2016-09":0.002,"2016-10":0.0016,"2016-11":-0.0003,"2016-12":0.0054,"2017-01":0.0064,"2017-02":0.0008,"2017-03":0.0001,"2017-04":-0.011000000000000001,"2017-05":-0.009300000000000001,"2017-06":-0.0067,"2017-07":-0.0072,"2017-08":0.001,"2017-09":0.004699999999999999,"2017-10":0.002,"2017-11":0.0052,"2017-12":0.0089,"2018-01":0.0076,"2018-02":0.0007000000000000001,"2018-03":0.0064,"2018-04":0.005699999999999999,"2018-05":0.0138,"2018-06":0.0187,"2018-07":0.0051,"2018-08":0.006999999999999999,"2018-09":0.0152,"2018-10":0.0089,"2018-11":-0.0049,"2018-12":-0.0108,"2019-01":0.0001,"2019-02":0.0088,"2019-03":0.0126,"2019-04":0.0092,"2019-05":0.0045000000000000005,"2019-06":0.008,"2019-07":0.004,"2019-08":-0.0067,"2019-09":-0.0001,"2019-10":0.0068000000000000005,"2019-11":0.003,"2019-12":0.0209,"2020-01":0.0048,"2020-02":-0.0004,"2020-03":0.0124,"2020-04":0.008,"2020-05":0.0028000000000000004,"2020-06":0.015600000000000001,"2020-07":0.0223,"2020-08":0.0274,"2020-09":0.0434,"2020-10":0.0323,"2020-11":0.032799999999999996,"2020-12":0.0096,"2021-01":0.0258,"2021-02":0.0253,"2021-03":0.0294,"2021-04":0.0151,"2021-05":0.040999999999999995,"2021-06":0.006,"2021-07":0.0078000000000000005,"2021-08":0.0066,"2021-09":-0.0064,"2021-10":0.0064,"2021-11":0.0002,"2021-12":0.0087,"2022-01":0.0182,"2022-02":0.0183,"2022-03":0.0174,"2022-04":0.0141,"2022-05":0.0052,"2022-06":0.0059,"2022-07":0.0021,"2022-08":-0.006999999999999999,"2022-09":-0.0095,"2022-10":-0.0097,"2022-11":-0.005600000000000001,"2022-12":0.0045000000000000005,"2023-01":0.0021,"2023-02":-0.0006,"2023-03":0.0005,"2023-04":-0.0095,"2023-05":-0.0184,"2023-06":-0.019299999999999998,"2023-07":-0.0072,"2023-08":-0.0014000000000000002,"2023-09":0.0037,"2023-10":0.005,"2023-11":0.0059,"2023-12":0.0074,"2024-01":0.0007000000000000001,"2024-02":-0.0052,"2024-03":-0.004699999999999999,"2024-04":0.0031,"2024-05":0.0089,"2024-06":0.008100000000000001,"2024-07":0.0060999999999999995,"2024-08":0.0029,"2024-09":0.0062,"2024-10":0.0152,"2024-11":0.013000000000000001,"2024-12":0.009399999999999999,"2025-01":0.0027,"2025-02":0.0106,"2025-03":-0.0034000000000000002,"2025-04":0.0024,"2025-05":-0.0049,"2025-06":-0.0167,"2025-07":-0.0077,"2025-08":0.0036,"2025-09":0.0042,"2025-10":-0.0036,"2025-11":0.0027,"2025-12":-0.0001,"2026-01":0.0040999999999999995,"2026-02":-0.0073,"2026-03":0.0052,"2026-04":0.0273,"2026-05":0.0084},"INCC":{"2000-01":0.010700000000000001,"2000-02":0.0077,"2000-03":0.005600000000000001,"2000-04":0.006,"2000-05":0.013500000000000002,"2000-06":0.0073,"2000-07":0.003,"2000-08":0.0039000000000000003,"2000-09":0.0026,"2000-10":0.0033,"2000-11":0.0040999999999999995,"2000-12":0.0064,"2001-01":0.0058,"2001-02":0.0034000000000000002,"2001-03":0.0027,"2001-04":0.0036,"2001-05":0.021099999999999997,"2001-06":0.0116,"2001-07":0.0052,"2001-08":0.0062,"2001-09":0.0055000000000000005,"2001-10":0.009300000000000001,"2001-11":0.0074,"2001-12":0.0034000000000000002,"2002-01":0.0036,"2002-02":0.0058,"2002-03":0.0055000000000000005,"2002-04":0.0033,"2002-05":0.0253,"2002-06":0.005699999999999999,"2002-07":0.0029,"2002-08":0.01,"2002-09":0.0070999999999999995,"2002-10":0.0113,"2002-11":0.0245,"2002-12":0.017,"2003-01":0.0151,"2003-02":0.0139,"2003-03":0.0138,"2003-04":0.009000000000000001,"2003-05":0.028399999999999998,"2003-06":0.0105,"2003-07":0.009899999999999999,"2003-08":0.0144,"2003-09":0.0022,"2003-10":0.006500000000000001,"2003-11":0.0104,"2003-12":0.0016,"2004-01":0.0033,"2004-02":0.01,"2004-03":0.0116,"2004-04":0.0059,"2004-05":0.0183,"2004-06":0.006999999999999999,"2004-07":0.011200000000000002,"2004-08":0.008100000000000001,"2004-09":0.0058,"2004-10":0.011899999999999999,"2004-11":0.0070999999999999995,"2004-12":0.0051,"2005-01":0.0075,"2005-02":0.0044,"2005-03":0.0067,"2005-04":0.0072,"2005-05":0.0209,"2005-06":0.0076,"2005-07":0.0011,"2005-08":0.0002,"2005-09":0.0024,"2005-10":0.0019,"2005-11":0.0028000000000000004,"2005-12":0.0037,"2006-01":0.0034000000000000002,"2006-02":0.0019,"2006-03":0.002,"2006-04":0.0036,"2006-05":0.0132,"2006-06":0.009000000000000001,